yas,aylik_gelir,egitim,toplam_deneyim_yili,sirkette_calisma_yili,performans_puani,fazla_mesai,aylik_fazla_mesai_saati,yillik_izin_kullanimi,is_memnuniyeti,is_yasam_dengesi,son_terfiden_beri_yil,ise_uzaklik_km,isten_ayrildi
53,74500,On Lisans,24,14,4,Hayir,2,15,4,4,0,47,Hayir
39,61700,Lisans,10,5,4,Evet,24,9,3,2,1,42,Hayir
52,49800,Lisans,11,2,4,Hayir,4,9,2,3,2,50,Hayir
58,,Lisans,18,17,4,Hayir,0,17,2,3,4,10,Hayir
24,34600,On Lisans,5,4,5,Hayir,0,12,1,2,3,42,Hayir
46,62200,Doktora,21,9,4,Hayir,4,17,5,2,4,7,Hayir
28,40900,Yuksek Lisans,9,5,4,Hayir,0,3,4,3,1,30,Hayir
57,69900,Yuksek Lisans,23,19,3,Evet,30,20,2,3,7,27,Evet
42,44500,,10,5,4,Hayir,5,10,5,2,0,9,Hayir
25,47600,On Lisans,5,4,4,Hayir,6,4,5,3,1,45,Hayir
53,75000,Lisans,18,5,2,Evet,15,20,3,1,5,1,Hayir
39,61100,Lisans,16,11,5,Evet,9,18,1,1,2,27,Hayir
26,46800,Yuksek Lisans,8,5,5,Hayir,4,7,2,1,3,47,Hayir
43,77400,Yuksek Lisans,22,11,4,Hayir,3,11,4,5,5,10,Hayir
38,59200,Lisans,19,12,,Evet,20,13,1,3,1,35,Evet
38,49300,Yuksek Lisans,17,15,2,Evet,15,17,3,5,0,7,Evet
34,56400,Yuksek Lisans,13,10,4,Hayir,4,7,2,2,4,1,Evet
30,51100,On Lisans,10,1,1,Evet,18,18,3,3,0,2,Hayir
49,77700,Lise,27,11,4,Hayir,4,4,4,4,0,26,Hayir
30,53800,Lisans,11,6,2,Hayir,5,20,5,1,0,9,Hayir
23,37200,Lisans,2,2,2,Evet,13,3,4,1,2,31,Evet
51,51700,Yuksek Lisans,20,5,4,Hayir,4,,2,2,0,20,Hayir
37,50700,Lisans,16,1,3,Evet,15,12,3,4,0,45,Hayir
48,57900,Lisans,7,5,3,Hayir,5,6,2,5,5,34,Evet
39,67600,Yuksek Lisans,13,0,3,Hayir,6,17,5,1,0,36,Evet
51,57000,Lise,17,11,3,Evet,17,8,2,4,0,14,Evet
28,32300,Yuksek Lisans,8,8,3,Hayir,6,14,2,3,0,15,Hayir
31,72600,Lisans,12,4,2,Hayir,1,12,1,2,3,9,Hayir
25,51200,Lisans,7,4,4,Hayir,6,14,5,4,0,4,Hayir
39,60200,Lisans,16,15,4,Evet,14,19,,1,1,21,Hayir
59,82300,On Lisans,30,16,3,Evet,16,20,1,5,5,40,Hayir
55,56300,Yuksek Lisans,17,4,5,Hayir,3,19,1,2,0,3,Hayir
48,101700,Yuksek Lisans,29,9,4,Hayir,0,3,2,5,3,39,Hayir
42,83000,Lisans,19,12,5,Hayir,5,20,1,5,5,45,Hayir
36,48200,Lisans,10,6,1,Hayir,0,7,5,3,5,18,Hayir
54,68800,Lisans,21,16,2,Hayir,1,10,2,3,4,39,Hayir
56,65900,Lisans,19,6,2,Hayir,5,16,5,1,1,,Hayir
34,53400,Lisans,14,12,1,Evet,28,18,3,3,7,39,Hayir
24,48000,Yuksek Lisans,5,1,3,Hayir,0,20,3,1,1,37,Hayir
41,36700,Lisans,1,0,3,Evet,25,17,3,3,0,1,Hayir
51,27800,Lisans,2,1,3,Evet,8,17,2,1,1,8,Evet
55,78300,Lise,25,16,2,Hayir,3,8,4,4,2,14,Hayir
48,108900,Yuksek Lisans,30,13,4,Hayir,2,12,2,5,7,34,Hayir
32,31400,Lisans,8,1,4,Evet,18,18,2,4,0,14,Hayir
53,88000,Lisans,,16,3,Evet,23,16,1,3,6,5,Evet
39,74500,Lisans,20,2,5,Hayir,2,16,5,3,0,28,Hayir
38,48600,Lise,11,2,4,Evet,12,12,3,3,0,22,Evet
46,51200,Lisans,16,11,4,Hayir,4,3,3,5,1,29,Hayir
35,55000,Yuksek Lisans,9,6,5,Hayir,6,14,5,3,0,34,Hayir
50,62300,Lise,19,9,4,Hayir,6,20,1,5,2,7,Evet
51,86700,On Lisans,29,17,5,Evet,11,8,4,2,0,7,Hayir
38,48500,On Lisans,14,0,5,Hayir,1,16,3,3,0,12,Hayir
26,22000,Lisans,0,0,2,Evet,11,16,4,,0,47,Evet
32,44000,Yuksek Lisans,7,4,3,Hayir,6,4,3,1,4,30,Hayir
29,41400,On Lisans,6,4,3,Hayir,3,20,3,3,3,35,Hayir
43,89300,Lisans,18,18,3,Evet,12,10,5,1,5,40,Hayir
25,41900,On Lisans,7,4,2,Evet,16,14,1,5,2,8,Evet
37,69100,Lisans,19,7,1,Hayir,5,3,3,2,5,37,Evet
54,90300,Lise,27,12,4,Evet,15,7,1,2,6,3,Evet
53,69500,Yuksek Lisans,20,6,5,Hayir,6,19,2,2,4,9,Hayir
42,45900,Lisans,17,2,4,Evet,12,9,5,5,1,31,Hayir
27,,Yuksek Lisans,7,7,5,Evet,10,18,4,2,0,46,Evet
40,67400,Lisans,18,9,4,Hayir,1,20,5,4,2,13,Hayir
35,54000,Yuksek Lisans,13,6,3,Hayir,3,12,1,3,3,49,Hayir
50,68800,Lisans,19,17,4,Hayir,3,7,3,5,8,12,Hayir
36,51400,Yuksek Lisans,7,2,4,Evet,15,16,2,1,0,14,Evet
38,50000,Lisans,15,0,2,Hayir,1,7,1,4,0,1,Hayir
24,40600,Lisans,4,1,4,Hayir,6,10,2,2,1,38,Evet
50,59200,Lisans,16,13,3,Evet,21,15,5,2,8,38,Hayir
47,46200,Lisans,14,2,2,Evet,18,9,3,2,2,35,Evet
47,68100,,11,10,2,Hayir,3,3,4,2,2,18,Hayir
50,85900,Yuksek Lisans,20,4,3,Hayir,6,4,3,1,1,18,Hayir
50,50200,Lisans,14,10,3,Evet,18,19,3,3,8,28,Hayir
47,92200,Lisans,27,17,4,Hayir,5,11,2,1,8,30,Evet
46,45700,Lisans,13,7,3,Evet,13,17,2,4,2,10,Hayir
27,35400,Lisans,4,4,1,Evet,10,4,2,4,2,10,Hayir
40,50200,Lisans,15,9,4,Hayir,2,14,5,3,1,48,Hayir
25,38800,On Lisans,0,0,4,Hayir,6,18,5,5,0,32,Hayir
56,72800,On Lisans,28,,4,Evet,9,10,1,5,6,49,Evet
47,68800,Lisans,24,16,2,Evet,25,15,3,2,5,27,Evet
58,87700,Yuksek Lisans,33,8,4,Hayir,2,16,4,2,3,27,Hayir
45,67200,Yuksek Lisans,17,10,2,Hayir,2,12,1,3,6,5,Evet
53,73800,Yuksek Lisans,15,0,1,Hayir,5,10,2,1,0,23,Hayir
38,57000,Lise,13,12,4,Hayir,3,11,3,3,4,21,Hayir
51,96600,Lise,31,4,3,Hayir,6,5,2,4,4,8,Hayir
35,60800,On Lisans,14,14,5,Evet,29,3,2,4,2,44,Hayir
36,57400,Yuksek Lisans,14,11,3,Hayir,3,,5,1,8,29,Hayir
46,74000,Lisans,22,16,3,Hayir,6,12,4,4,4,30,Hayir
57,61800,Lise,14,9,3,Hayir,5,5,2,4,7,20,Evet
33,45300,Yuksek Lisans,11,5,3,Evet,19,10,2,2,2,33,Evet
52,61800,Lisans,18,13,2,Hayir,3,15,1,2,5,24,Hayir
48,74800,On Lisans,21,14,4,Hayir,2,4,5,1,2,26,Hayir
25,22600,Lisans,1,0,3,Hayir,4,16,5,3,0,45,Hayir
28,31400,Yuksek Lisans,8,4,4,Hayir,4,7,4,3,,21,Hayir
41,47600,Lisans,10,9,3,Hayir,2,14,3,2,0,50,Hayir
57,89500,Lisans,32,20,4,Hayir,6,16,5,5,8,20,Hayir
29,22000,Lisans,0,0,2,Hayir,2,3,2,5,0,8,Hayir
49,103400,On Lisans,26,10,3,Hayir,4,5,4,2,1,50,Evet
53,93900,Lise,34,12,4,Hayir,3,7,2,5,6,8,Hayir
29,38700,Lisans,6,2,2,Hayir,0,3,1,1,2,43,Hayir
